0;Ciprian;Potarniche;ciprian.potarniche@yahoo.com;JcJoYxGfQgX;16
1;Paula;Boldas;paula.boldas@hotmail.com;WPliAwwpqclb;22
2;Robertina Mihaita;Mataringa;robertina-mihaita.mataringa@yahoo.com;vRmspaZaprFo;31
3;Clarisa;Ducar;clarisa.ducar@yahoo.com;UmnDlxnRrBAN;34
4;Octaviana;Deloreanu;octaviana.deloreanu@gmail.com;sCQJXiHMIS;33
5;Crin Octavia;Bornuz;crin-octavia.bornuz@gmail.com;pyauloOMFH;49
7;Aurel;Brandas;aurel.brandas@hotmail.com;QMpQfTAZyfyB;55
8;Aneta;Ghidoarcea;aneta.ghidoarcea@yahoo.ro;bZPurFZazsiA;48
9;Svetlana;Arsente;svetlana.arsente@hotmail.com;ZqdMjjDzQ;29
10;Alistar;Negruta;alistar.negruta@yahoo.com;BXdETYjevzges;27
11;Augusta Letitia;Halmagean;augusta-letitia.halmagean@hotmail.com;TJmaxFTXnBUvL;39
12;Dorian;Dicui;dorian.dicui@gmail.com;imzBVSyKJrL;16
13;Irina;Marinca;irina.marinca@yandex.ru;OjQSNYPmtI;36
14;Statistici;Obirsie;statistici.obirsie@hotmail.com;SRmwbylWTg;16
15;Marin Norica;Brulincu;marin-norica.brulincu@yahoo.com;VtqcDUksuoxX;46
16;Dafina Cezar;Jarcau;dafina-cezar.jarcau@yandex.ru;GHlqNTqBnxwQV;32
17;Anisoara;Lacranjan;anisoara.lacranjan@yandex.ru;SVERGWDbh;63
18;Aurel Sidonia;Biuciura;aurel-sidonia.biuciura@yandex.ru;ttJeOJxoTgGw;46
19;Roberta Zeno;Budas;roberta-zeno.budas@yandex.ru;ZXAaBFyZNCTol;45
20;Safina Emil;Mocovei;safina-emil.mocovei@yahoo.ro;TxqzEeSGOZT;19
21;Olimpia Georgel;Prosteanu;olimpia-georgel.prosteanu@gmail.com;HqCuGlTgCbD;32
22;Daniela Malvina;Vlasin;daniela-malvina.vlasin@yahoo.ro;hKafAFhPsLwA;26
23;Lucia Marcu;Bitiu;lucia-marcu.bitiu@yahoo.ro;VoDRMJDyzXEk;63
24;Ramona Simion;Iftinca;ramona-simion.iftinca@yahoo.ro;DXvRyjmWfMF;33
25;Romina Ivona;Vrabie;romina-ivona.vrabie@yahoo.ro;PWivURmuwNx;15
26;Betina;Panchea;betina.panchea@hotmail.com;AASnoeeygxt;14
27;Emil Lidia;Daniliuc;emil-lidia.daniliuc@yandex.ru;mZiXsYmsLPe;42
28;Luca Amanda;Harnut;luca-amanda.harnut@gmail.com;DlkLSccno;26
29;Emilia Ludovic;Batoaia;emilia-ludovic.batoaia@hotmail.com;ofNbVGhcRt;36
30;Theodor;Dulovet;theodor.dulovet@yandex.ru;VzdwudiahEuq;30
31;Anastasia Iosefina;Gaveniuc;anastasia-iosefina.gaveniuc@gmail.com;oXKqIXVTMEq;58
32;Amanda;Pazlaca;amanda.pazlaca@yahoo.ro;GhcCUPwxrup;44
33;Romina Silviu;Urgoi;romina-silviu.urgoi@yandex.ru;gamibfSFcs;55
34;Alexandra;Florea;alexandra.florea@hotmail.com;YwXtlZmyp;56
35;Robert;Babis;robert.babis@yandex.ru;ONlBqGrtUpGiT;59
36;Codruta;Micheci;codruta.micheci@yahoo.ro;dFcNCIppt;43
37;Catinca Alistar;Joghiu;catinca-alistar.joghiu@yahoo.ro;kyagfGkeF;57
38;Fabian;Dudus;fabian.dudus@yandex.ru;lGlzxVVrU;42
39;Georgian;Belindean;georgian.belindean@yandex.ru;DMRevlrETkFO;40
40;Vladelina;Mihaiuti;vladelina.mihaiuti@yandex.ru;lfNFJIQLJElYC;63
41;Despina Daiana;Magherca;despina-daiana.magherca@yandex.ru;MQJXuXIKiOlTC;17
42;Darius Gabriel;Spatoiu;darius-gabriel.spatoiu@gmail.com;rUjQbzZGEA;28
43;Stela Dominic;Guleac;stela-dominic.guleac@yahoo.ro;BPeixliDOYmOu;20
44;Mihaita;Binchiciu;mihaita.binchiciu@hotmail.com;DFAuXoxdb;29
45;Lavinia;Biji;lavinia.biji@yandex.ru;nZBlPPTprTi;54
46;Anghelina Viorel;Pipiriga;anghelina-viorel.pipiriga@gmail.com;aEgERRsTFqwp;35
47;Dida;Juverdianu;dida.juverdianu@yahoo.ro;mLwsOJKsPIPd;34
48;Aura;Olaieriu;aura.olaieriu@hotmail.com;FNOrOReTLHuC;61
49;Emanuil Demetra;Ghervasia;emanuil-demetra.ghervasia@yahoo.ro;LCOglJiHJG;52
50;Alexandrina;Patranoiu;alexandrina.patranoiu@gmail.com;dgWDApTHd;52
51;Izabela;Popovici;izabela.popovici@gmail.com;rmaXAAZWWrKIB;44
52;Nicodim Sorin;Golt;nicodim-sorin.golt@yahoo.ro;fkiOGGoEt;61
53;Ivan;Selinc;ivan.selinc@yahoo.ro;URsRwopbE;43
54;Cecilia Gherghina;Blinda;cecilia-gherghina.blinda@hotmail.com;JkFrHNeUJt;25
55;Codin Dochia;Barbantan;codin-dochia.barbantan@yahoo.com;ApVmdZZvTHHjT;38
56;Pamfil;Suciaghi;pamfil.suciaghi@yahoo.ro;jLhhqUfauHffQ;57
57;Andrei Codrut;Onija;andrei-codrut.onija@gmail.com;AyGthwipvwWVu;62
58;Martin;Abrudeanu;martin.abrudeanu@yahoo.ro;cUMfHLDlPAbu;54
59;Luana Iris;Ioachimciuc;luana-iris.ioachimciuc@yahoo.ro;hDZsglueZIV;16
60;Dochia;Alievici;dochia.alievici@yahoo.com;MoRSwYkYsZA;39
61;Adelaida;Perini;adelaida.perini@hotmail.com;nVQpkuluusSg;20
62;Amelia;Laptici;amelia.laptici@yahoo.com;bEMHvVZom;56
63;Crina Ionuta;Manea;crina-ionuta.manea@yahoo.ro;PNjUmBtTY;15
64;Iurie Romeo;Urbuscu;iurie-romeo.urbuscu@hotmail.com;RtSEVyMYEQyU;55
65;Xenia;Niculicioiu;xenia.niculicioiu@hotmail.com;aBjllfSml;39
66;Statistici Anca;Sirtosu;statistici-anca.sirtosu@gmail.com;GxKnKLGRY;50
67;Lucia;Lumanare;lucia.lumanare@yahoo.com;CloSJbJZbYo;33
68;Florea Ruxandra;Dragana;florea-ruxandra.dragana@yandex.ru;HUIImGHnBJA;47
69;Iosif;Demetrescu;iosif.demetrescu@yahoo.com;PzquWGqbHpX;42
70;Antonie;Martis;antonie.martis@yahoo.ro;QavoPGLJW;44
71;Albertina;Voinescu;albertina.voinescu@yahoo.com;FNOJazDBTOkAk;35
72;Constantin;Fintoiu;constantin.fintoiu@yandex.ru;nsBxNFweHx;55
73;Aura Casandra;Gravra;aura-casandra.gravra@yahoo.ro;PAkHAuKmGb;19
74;Marusia Laurian;Denciut;marusia-laurian.denciut@yandex.ru;GdvIaoqWvz;36
75;Teona Jenel;Sapunaru;teona-jenel.sapunaru@gmail.com;BTAkHPvgMnEN;15
76;Bradut Consuela;Dumbravu;bradut-consuela.dumbravu@yahoo.com;yRlGLgxxrz;17
77;Sabrina;Niculoiu;sabrina.niculoiu@yahoo.ro;srWgdbCBWAjka;34
78;Pamela Mugurel;Iegar;pamela-mugurel.iegar@gmail.com;BDRioAMpweD;55
79;Nidia Catrina;Vulpan;nidia-catrina.vulpan@yahoo.com;OdYSxNBUG;24
80;Lucian;Pontos;lucian.pontos@yahoo.ro;CxrDBOyuUjdYL;28
81;Bucur;Sacalas;bucur.sacalas@hotmail.com;AHPqiNCMeBb;47
82;David;Obreascu;david.obreascu@gmail.com;CBzTgWqoxMXb;20
83;Luiza;Aiojoaiei;luiza.aiojoaiei@yahoo.ro;xsbLjdraNE;31
84;Andrian Gheorghita;Oneasa;andrian-gheorghita.oneasa@gmail.com;kmBQTXTVFsLQq;62
85;Arina;Purdila;arina.purdila@yahoo.com;ixTClGvwADMe;60
86;Silviu Leana;Scirtu;silviu-leana.scirtu@yandex.ru;NZrATuyXSlm;56
87;Eremia Nina;Gherceanu;eremia-nina.gherceanu@yandex.ru;LrzzQryOM;63
88;Daria Martin;Hertug;daria-martin.hertug@gmail.com;nXVBNdboOUMZM;17
89;Rita;Demenic;rita.demenic@yandex.ru;RTosOTiFUDRTl;24
90;Toma Augusta;Scirtoaje;toma-augusta.scirtoaje@yandex.ru;ioEVvYATQfr;42
91;Tania;Bucurescu;tania.bucurescu@hotmail.com;vBmiaePUvO;59
92;Georgian Cezara;Bordiciuc;georgian-cezara.bordiciuc@hotmail.com;sDHNrAuOuqFk;35
93;Vasilica Laura;Alexescu;vasilica-laura.alexescu@yandex.ru;JlvOynBiEoxUL;42
94;Demetra Dominic;Giurcau;demetra-dominic.giurcau@yandex.ru;KpkONZknS;63
95;Eustatiu Paulina;Burmeleac;eustatiu-paulina.burmeleac@yahoo.com;fdwUMrWcfatBg;51
96;Darius Melisa;Focsineanu;darius-melisa.focsineanu@hotmail.com;aakTkJtbk;63
97;Remus Mihnea;Navala;remus-mihnea.navala@yandex.ru;apVRunBWOzoWt;44
98;Dionisie Irinel;Goje;dionisie-irinel.goje@yahoo.ro;jakHrzGSlGkW;25
